reading_package	manip_package	op	type	time	size	max_memory	rows	cols
arrow	dplyr	setup	process	0.22100891399999997	37578311	4916973568	100000	25
arrow	dplyr	setup	real	0.22189068794250488	37578311	4916973568	100000	25
arrow	dplyr	read	process	0.22982515299999995	37578311	4916973568	100000	25
arrow	dplyr	read	real	0.046922922134399414	37578311	4916973568	100000	25
arrow	dplyr	materialize	process	3.013000000051669e-6	37578311	4916973568	100000	25
arrow	dplyr	materialize	real	3.5762786865234375e-6	37578311	4916973568	100000	25
arrow	dplyr	print	process	0.026715813000000033	37578311	4916973568	100000	25
arrow	dplyr	print	real	0.026715755462646484	37578311	4916973568	100000	25
arrow	dplyr	head	process	5.112640000000113e-4	37578311	4916973568	100000	25
arrow	dplyr	head	real	5.137920379638672e-4	37578311	4916973568	100000	25
arrow	dplyr	tail	process	2.9518200000000494e-4	37578311	4916973568	100000	25
arrow	dplyr	tail	real	2.963542938232422e-4	37578311	4916973568	100000	25
arrow	dplyr	sample	process	0.004590918999999971	37578311	4916973568	100000	25
arrow	dplyr	sample	real	0.004592418670654297	37578311	4916973568	100000	25
arrow	dplyr	filter	process	0.4585711360000001	37578311	4916973568	100000	25
arrow	dplyr	filter	real	0.4585237503051758	37578311	4916973568	100000	25
arrow	dplyr	aggregate	process	0.52721482	37578311	4916973568	100000	25
arrow	dplyr	aggregate	real	0.5271725654602051	37578311	4916973568	100000	25
data.table	data.table	setup	process	0.02561081400000001	37578311	2550841344	100000	25
data.table	data.table	setup	real	0.025612831115722656	37578311	2550841344	100000	25
data.table	data.table	read	process	1.7736008230000002	37578311	2550841344	100000	25
data.table	data.table	read	real	0.3813338279724121	37578311	2550841344	100000	25
data.table	data.table	materialize	process	1.7329999999482482e-6	37578311	2550841344	100000	25
data.table	data.table	materialize	real	2.1457672119140625e-6	37578311	2550841344	100000	25
data.table	data.table	print	process	0.0811114380000002	37578311	2550841344	100000	25
data.table	data.table	print	real	0.008356571197509766	37578311	2550841344	100000	25
data.table	data.table	head	process	0.0016313969999997013	37578311	2550841344	100000	25
data.table	data.table	head	real	0.00016832351684570312	37578311	2550841344	100000	25
data.table	data.table	tail	process	1.215440000001955e-4	37578311	2550841344	100000	25
data.table	data.table	tail	real	1.220703125e-4	37578311	2550841344	100000	25
data.table	data.table	sample	process	0.002699118999999861	37578311	2550841344	100000	25
data.table	data.table	sample	real	4.956722259521484e-4	37578311	2550841344	100000	25
data.table	data.table	filter	process	0.449476341	37578311	2550841344	100000	25
data.table	data.table	filter	real	0.1852114200592041	37578311	2550841344	100000	25
data.table	data.table	aggregate	process	0.07919073500000007	37578311	2550841344	100000	25
data.table	data.table	aggregate	real	0.00817251205444336	37578311	2550841344	100000	25
vroom	dplyr	setup	process	0.14655931400000002	37578311	2010779648	100000	25
vroom	dplyr	setup	real	0.14654159545898438	37578311	2010779648	100000	25
vroom	dplyr	read	process	0.18874129500000003	37578311	2010779648	100000	25
vroom	dplyr	read	real	0.09462118148803711	37578311	2010779648	100000	25
vroom	dplyr	materialize	process	0.23638078500000004	37578311	2010779648	100000	25
vroom	dplyr	materialize	real	0.23634958267211914	37578311	2010779648	100000	25
vroom	dplyr	print	process	0.027777173000000044	37578311	2010779648	100000	25
vroom	dplyr	print	real	0.02777576446533203	37578311	2010779648	100000	25
vroom	dplyr	head	process	3.831640000000469e-4	37578311	2010779648	100000	25
vroom	dplyr	head	real	3.8361549377441406e-4	37578311	2010779648	100000	25
vroom	dplyr	tail	process	2.3377899999998952e-4	37578311	2010779648	100000	25
vroom	dplyr	tail	real	2.3436546325683594e-4	37578311	2010779648	100000	25
vroom	dplyr	sample	process	0.0035074790000000355	37578311	2010779648	100000	25
vroom	dplyr	sample	real	0.003507852554321289	37578311	2010779648	100000	25
vroom	dplyr	filter	process	0.04712272299999998	37578311	2010779648	100000	25
vroom	dplyr	filter	real	0.047118425369262695	37578311	2010779648	100000	25
vroom	dplyr	aggregate	process	0.6167727359999999	37578311	2010779648	100000	25
vroom	dplyr	aggregate	real	0.6166951656341553	37578311	2010779648	100000	25
vroom_arrow	dplyr	setup	process	0.276111207	37578311	4710809600	100000	25
vroom_arrow	dplyr	setup	real	0.27709460258483887	37578311	4710809600	100000	25
vroom_arrow	dplyr	read	process	1.158797802	37578311	4710809600	100000	25
vroom_arrow	dplyr	read	real	0.13440465927124023	37578311	4710809600	100000	25
vroom_arrow	dplyr	materialize	process	2.8089999999370008e-6	37578311	4710809600	100000	25
vroom_arrow	dplyr	materialize	real	3.0994415283203125e-6	37578311	4710809600	100000	25
vroom_arrow	dplyr	print	process	0.013296340000000129	37578311	4710809600	100000	25
vroom_arrow	dplyr	print	real	0.013297080993652344	37578311	4710809600	100000	25
vroom_arrow	dplyr	head	process	5.865179999999803e-4	37578311	4710809600	100000	25
vroom_arrow	dplyr	head	real	5.872249603271484e-4	37578311	4710809600	100000	25
vroom_arrow	dplyr	tail	process	5.520549999999957e-4	37578311	4710809600	100000	25
vroom_arrow	dplyr	tail	real	5.526542663574219e-4	37578311	4710809600	100000	25
vroom_arrow	dplyr	sample	process	0.04449839100000008	37578311	4710809600	100000	25
vroom_arrow	dplyr	sample	real	0.04449725151062012	37578311	4710809600	100000	25
vroom_arrow	dplyr	filter	process	0.06607231400000013	37578311	4710809600	100000	25
vroom_arrow	dplyr	filter	real	0.029788970947265625	37578311	4710809600	100000	25
vroom_arrow	dplyr	aggregate	process	0.08077296100000009	37578311	4710809600	100000	25
vroom_arrow	dplyr	aggregate	real	0.06462216377258301	37578311	4710809600	100000	25
vroom_cran	dplyr	setup	process	0.13715021500000002	37578311	1718538240	100000	25
vroom_cran	dplyr	setup	real	0.13715338706970215	37578311	1718538240	100000	25
vroom_cran	dplyr	read	process	0.13069088500000003	37578311	1718538240	100000	25
vroom_cran	dplyr	read	real	0.08716416358947754	37578311	1718538240	100000	25
vroom_cran	dplyr	materialize	process	0.4692011079999999	37578311	1718538240	100000	25
vroom_cran	dplyr	materialize	real	0.44278383255004883	37578311	1718538240	100000	25
vroom_cran	dplyr	print	process	0.028608575999999997	37578311	1718538240	100000	25
vroom_cran	dplyr	print	real	0.02877330780029297	37578311	1718538240	100000	25
vroom_cran	dplyr	head	process	6.275479999999778e-4	37578311	1718538240	100000	25
vroom_cran	dplyr	head	real	6.282329559326172e-4	37578311	1718538240	100000	25
vroom_cran	dplyr	tail	process	3.335290000000546e-4	37578311	1718538240	100000	25
vroom_cran	dplyr	tail	real	3.3402442932128906e-4	37578311	1718538240	100000	25
vroom_cran	dplyr	sample	process	0.004398300999999938	37578311	1718538240	100000	25
vroom_cran	dplyr	sample	real	0.00439906120300293	37578311	1718538240	100000	25
vroom_cran	dplyr	filter	process	0.22085879799999997	37578311	1718538240	100000	25
vroom_cran	dplyr	filter	real	0.22084593772888184	37578311	1718538240	100000	25
vroom_cran	dplyr	aggregate	process	0.6430346469999999	37578311	1718538240	100000	25
vroom_cran	dplyr	aggregate	real	0.6424894332885742	37578311	1718538240	100000	25
